"CPU Time Used","Estimated Training Performance","Wallclock Time","Incumbent ID","Automatic Configurator (CPU) Time","Full Configuration","Predicted Performance (if available)",
"0.0"," 1.7976931348623157E308","0.0","1","0.0", " x='2.5', y='7.5'","NaN"
"0.7409280699999999"," 24.129964","1.321","1","0.641462081", " x='2.5', y='7.5'","NaN"
"1.0980101059999998"," 12.937206","2.129","2","0.8986942099999997", " x='4.921792765353196', y='2.2662237873390834'","24.129964"
"1.2146418250000002"," 10.782131","2.556","3","0.9153079089999998", " x='-2.2789202800245754', y='7.646999168469763'","24.129964"
"1.806453565"," 7.099648","4.283","6","1.2074609249999997", " x='9.00295543769642', y='4.562930402960311'","54.0110535"
"2.768802972"," 3.945651","7.543","12","1.569298461", " x='4.029602033118527', y='1.6197167751826025'","35.907624914285705"
"3.8283272190000006"," 1.643714","11.182","19","1.928765263", " x='3.572816968913971', y='1.3570897738929717'","38.79302893333333"
