Run Number,Run History Configuration ID,Instance ID,Response Value (y),Censored?,Cutoff Time Used,Seed,Runtime,Run Length,Run Result Code,Run Quality,SMAC Iteration,SMAC Cumulative Runtime,Run Result,Additional Algorithm Run Data,Wall Clock Time,
1,1,1,24.129964,0,2.147483647E9,-1,8.34E-4,1.0,1,24.129964,0,8.34E-4,SAT,,1.058,
2,2,1,12.937206,0,2.147483647E9,-1,3.35E-4,1.0,1,12.937206,1,0.001169,SAT,,0.506,
3,3,1,10.782131,0,2.147483647E9,-1,3.37E-4,1.0,1,10.782131,1,0.001506,SAT,,0.413,
4,4,1,168.194913,0,2.147483647E9,-1,3.38E-4,1.0,1,168.194913,2,0.001844,SAT,,0.467,
5,5,1,97.15873,0,2.147483647E9,-1,3.46E-4,1.0,1,97.15873,3,0.00219,SAT,,0.439,
6,6,1,7.099648,0,2.147483647E9,-1,3.32E-4,1.0,1,7.099648,3,0.002522,SAT,,0.431,
7,7,1,19.200153,0,2.147483647E9,-1,3.44E-4,1.0,1,19.200153,4,0.002866,SAT,,0.481,
8,8,1,91.126498,0,2.147483647E9,-1,3.27E-4,1.0,1,91.126498,4,0.003193,SAT,,0.543,
